SAT.Earth.ECC;SAT.ElapsedSecs;SAT.EarthMJ2000Eq.RA;SAT.Earth.TA;SAT.EarthMJ2000Eq.RAAN;SAT.EarthMJ2000Eq.INC;SAT.EarthMJ2000Eq.AOP;SAT.EarthICRF.AOP;SAT.EarthICRF.INC;SAT.EarthICRF.RAAN;SAT.EarthICRF.RA;
0.150000926;0;-135.5354951;189.4999302;35;5;6.98E-05;0.000208074;4.999995274;34.99986235;-135.535495;
0.150004503;59.99999988;-133.6307226;191.4193923;34.99989371;4.99994992;359.9922824;359.9924206;4.999945194;34.99975606;-133.6307224;
0.150014259;183.6857059;-129.688703;195.3910672;34.99954608;4.999823465;359.9764082;359.9765464;4.999818739;34.99940843;-129.6887027;
0.1500325;349.668806;-124.3556201;200.7621822;34.99873055;4.99960677;359.9556331;359.9557714;4.999602045;34.99859289;-124.3556198;
0.150057596;520.2951728;-118.8055816;206.3485161;34.99735427;4.999332217;359.9351539;359.9352921;4.999327492;34.9972166;-118.8055812;
0.150089193;690.0400012;-113.1974301;211.9891913;34.9953107;4.999013241;359.9159555;359.9160938;4.999008517;34.99517303;-113.1974296;
0.15012723;857.9259531;-107.5466434;217.6678814;34.99249867;4.998660719;359.8984334;359.8985717;4.998655996;34.99236098;-107.5466428;
0.150171659;1023.532052;-101.8523638;223.3848291;34.98883407;4.998286522;359.8829076;359.8830459;4.998281799;34.98869637;-101.852363;
0.150222395;1186.537026;-96.11227158;229.1418868;34.9842561;4.99790388;359.8696759;359.8698143;4.997899159;34.98411838;-96.11227071;
0.150279304;1346.664148;-90.32460594;234.9405032;34.9787321;4.997527184;359.8590162;359.8591545;4.997522463;34.97859437;-90.32460498;
0.150342193;1503.691168;-84.48796659;240.7819367;34.97226127;4.997171555;359.8511808;359.8513191;4.997166836;34.97212352;-84.48796554;
0.150410804;1657.434903;-78.60198995;246.6665866;34.96487869;4.996852381;359.8463938;359.8465321;4.996847664;34.96474093;-78.60198884;
0.150484806;1807.766832;-72.6668351;252.5945093;34.95665726;4.996584661;359.8448465;359.8449848;4.996579945;34.95651949;-72.66683396;
0.150563786;1954.606226;-66.68342673;258.5651674;34.94770896;4.996382308;359.8466953;359.8468337;4.996377595;34.94757117;-66.68342556;
0.150647235;2097.921198;-60.65334141;264.5775261;34.93818393;4.996257367;359.8520603;359.8521987;4.996252655;34.93804613;-60.65334026;
0.150734537;2237.724815;-54.57883003;270.6300053;34.92826755;4.996219193;359.8610244;359.8611628;4.996214484;34.92812974;-54.57882891;
0.15082495;2374.073375;-48.46270046;276.7205626;34.91817483;4.996273657;359.8736338;359.8737722;4.99626895;34.91803701;-48.46269939;
0.150917595;2507.061287;-42.30830393;282.8466675;34.90814222;4.99642242;359.889898;359.8900364;4.996417715;34.90800439;-42.30830294;
0.15101144;2636.81758;-36.11942321;289.0053701;34.89841668;4.996662365;359.9097905;359.9099289;4.996657662;34.89827886;-36.11942232;
0.151105299;2763.50191;-29.90016236;295.1933671;34.8892424;4.996985268;359.9332491;359.9333876;4.996980568;34.88910457;-29.90016159;
0.151197829;2887.296302;-23.65504706;301.4068629;34.88084607;4.997377764;359.9601753;359.9603137;4.997373065;34.88070825;-23.65504641;
0.151287543;3008.405867;-17.38869348;307.641864;34.87342083;4.997821709;359.9904333;359.9905717;4.997817011;34.87328301;-17.38869295;
0.151372842;3127.0521;-11.10585377;313.8941096;34.86711142;4.998294948;0.023848278;0.023986687;4.998290252;34.86697361;-11.10585336;
0.151452052;3243.473331;-4.811117387;320.1593536;34.86200113;4.998772503;0.06020403;0.060342431;4.998767809;34.86186332;-4.811117087;
0.151523483;3357.917527;1.490953682;326.4332275;34.85810301;4.999228073;0.099238605;0.099376997;4.999223379;34.85796521;1.490953884;
0.151585499;3470.64233;7.796036567;332.7114582;34.85535593;4.99963579;0.140641559;0.140779942;4.999631096;34.85521815;7.79603669;
0.151636604;3581.913137;14.10012154;338.9899574;34.85362677;4.999972031;0.184052254;0.184190629;4.999967338;34.85348899;14.10012161;
0.15167552;3692.001274;20.39955239;345.2648844;34.85271869;5.000217105;0.229061018;0.229199387;5.000212413;34.85258091;20.39955243;
0.151701272;3801.184436;26.69115784;351.5328009;34.8523849;5.000356639;0.27521541;0.275353775;5.000351947;34.85224713;26.69115787;
0.151713246;3909.741063;32.9719983;357.7904446;34.85234644;5.000382511;0.322028715;0.32216708;5.000377818;34.85220867;32.97199836;
0.151711227;4017.952921;39.2395541;4.034940747;34.85231195;5.000293268;0.368996118;0.369134484;5.000288575;34.85217418;39.23955421;
0.151695405;4126.098025;45.49133472;10.26343669;34.85199766;5.000094003;0.415609423;0.415747796;5.000089311;34.85185989;45.4913349;
0.151666353;4234.457081;51.72525967;16.47350523;34.85114545;4.999795731;0.461377831;0.461516212;4.999791039;34.85100766;51.72525995;
0.151624975;4343.301684;57.93898423;22.66249757;34.84953776;4.999414411;0.505838486;0.505976879;4.999409719;34.84939997;57.93898461;
0.151572434;4452.904045;64.13047392;28.82814148;34.84700822;4.998969655;0.54857174;0.548710147;4.998964965;34.84687041;64.13047442;
0.151510079;4563.52539;70.29737316;34.96793823;34.84344796;4.998483398;0.589202301;0.589340725;4.998478707;34.84331013;70.29737378;
0.151439369;4675.418048;76.43718785;41.07936788;34.83880762;4.997978508;0.627401515;0.627539957;4.997973819;34.83866978;76.43718859;
0.151361805;4788.827502;82.5474784;47.16009918;34.83309541;4.997477514;0.662886074;0.663024535;4.997472826;34.83295755;82.54747926;
0.151278891;4903.986396;88.6256373;53.20777692;34.82637245;4.997001511;0.695412929;0.695551409;4.996996825;34.82623457;88.62563825;
0.151192089;5021.117077;94.66915756;59.220287;34.8187456;4.996569256;0.7247779;0.724916399;4.996564572;34.8186077;94.6691586;
0.151102801;5140.429291;100.6756528;65.19576247;34.81035889;4.996196493;0.750814567;0.750953084;4.99619181;34.81022097;100.6756539;
0.151012345;5262.124813;106.6432341;71.13293427;34.80138371;4.995895478;0.773396635;0.773535168;4.995890797;34.80124578;106.6432353;
0.15092195;5386.387693;112.5701697;77.03076087;34.79200974;4.995674769;0.792438557;0.792577105;4.99567009;34.7918718;112.5701709;
0.150832738;5513.386836;118.4551775;82.88868341;34.78243521;4.995539142;0.807899276;0.808037837;4.995534466;34.78229725;118.4551787;
0.150745709;5643.278328;124.2976713;88.70683438;34.77285766;4.995489704;0.819784109;0.819922679;4.995485029;34.77271969;124.2976724;
0.150661736;5776.198012;130.0975498;94.48579456;34.76346642;4.995524145;0.828143523;0.828282101;4.995519472;34.76332844;130.0975509;
0.150581555;5912.258608;135.8552128;100.2265797;34.75443573;4.995637096;0.833070683;0.833209266;4.995632425;34.75429775;135.8552138;
0.150505764;6051.548794;141.5716526;105.9307094;34.74591907;4.995820564;0.834696938;0.834835524;4.995815896;34.74578108;141.5716535;
0.150434826;6194.128596;147.2483792;111.6001148;34.73804496;4.996064429;0.833185591;0.833324177;4.996059762;34.73790698;147.2483801;
0.150369073;6340.028926;152.8875069;117.2372149;34.73091403;4.996356964;0.828724966;0.82886355;4.996352298;34.73077604;152.8875076;
0.150308732;6489.239405;158.4913778;122.8445333;34.7245978;4.996685336;0.821521889;0.82166047;4.996680672;34.72445981;158.4913784;
0.150253932;6641.712125;164.0628025;128.4249365;34.71913789;4.997036121;0.811795584;0.81193416;4.997031458;34.71899991;164.062803;
0.150204727;6797.358862;169.605009;133.9815838;34.71454662;4.99739577;0.799772539;0.799911109;4.997391108;34.71440865;169.6050094;
0.150161116;6956.051212;175.1216705;139.5179587;34.71080836;4.997751027;0.785682505;0.785821068;4.997746366;34.71067039;175.1216708;
0.150123067;7117.613279;-179.3833536;145.0376157;34.70788175;4.998089285;0.769756584;0.76989514;4.998084625;34.70774379;-179.3833533;
0.150090526;7281.825856;-173.9059023;150.5443021;34.705702;4.998398899;0.752225724;0.752364274;4.998394239;34.70556404;-173.9059022;
0.150063442;7448.429959;-168.4414744;156.0420076;34.7041836;4.998669448;0.733320227;0.73345877;4.998664789;34.70404565;-168.4414744;
0.150041771;7617.126979;-162.985342;161.5348594;34.7032233;4.998891933;0.713270578;0.713409115;4.998887274;34.70308536;-162.9853419;
0.150025493;7787.582383;-157.5325828;167.0271016;34.70270299;4.999058944;0.692308694;0.692447227;4.999054286;34.70256506;-157.5325827;
0.150014612;7959.42957;-152.0781469;172.523041;34.70249265;4.999164786;0.670669713;0.670808243;4.999160127;34.70235472;-152.0781468;
0.150009165;8132.279312;-146.6167809;178.0271366;34.70245324;4.999205587;0.648593419;0.648731947;4.999200929;34.70231531;-146.6167809;
0.150009222;8305.720127;-141.1432715;183.5437695;34.70243958;4.999179382;0.626326991;0.626465519;4.999174724;34.70230165;-141.1432714;
0.150014881;8479.326224;-135.6524738;189.07723;34.70230341;4.999086189;0.604126746;0.604265277;4.999081531;34.70216548;-135.6524736;
0.15002627;8652.667384;-130.1393003;194.6317453;34.70189647;4.998928066;0.582259346;0.582397881;4.998923408;34.70175853;-130.1393001;
0.150043534;8825.310312;-124.5989961;200.2112218;34.70107398;4.998709162;0.561003533;0.561142075;4.998704505;34.70093603;-124.5989957;
0.15006683;8996.836441;-119.026894;205.8195104;34.69969837;4.998435727;0.540649026;0.540787577;4.998431069;34.69956042;-119.0268936;
0.150096315;9166.837447;-113.4188829;211.4599572;34.69764352;4.9981161;0.521497086;0.521635646;4.998111443;34.69750556;-113.4188824;
0.150132129;9334.932204;-107.7711723;217.1356619;34.69479926;4.997760628;0.503857156;0.503995729;4.997755972;34.69466128;-107.7711716;
0.15017438;9500.769254;-102.0805013;222.8492899;34.69107625;4.997381519;0.488043774;0.488182361;4.997376863;34.69093826;-102.0805006;
0.150223128;9664.029772;-96.34431258;228.6029208;34.68641113;4.996992602;0.474371661;0.474510263;4.996987948;34.68627313;-96.34431171;
0.150278365;9824.437671;-90.56063643;234.3981843;34.68077134;4.996608971;0.46314862;0.463287237;4.996604318;34.68063332;-90.56063546;
0.150339996;9981.762374;-84.72816954;240.2361996;34.67415947;4.996246501;0.454667974;0.454806607;4.996241849;34.67402143;-84.72816849;
0.150407822;10135.81792;-78.84643782;246.1174246;34.66661692;4.995921263;0.449200335;0.449338984;4.995916613;34.66647887;-78.84643671;
0.150481529;10286.47225;-72.91550934;252.0419502;34.65822553;4.9956488;0.446984868;0.447123531;4.995644152;34.65808746;-72.9155082;
0.150560673;10433.63798;-66.93634303;258.0091495;34.64910817;4.995443351;0.448222021;0.448360699;4.995438705;34.64897009;-66.93634187;
0.150644673;10577.28023;-60.91041144;264.0180436;34.63942604;4.995317008;0.453067331;0.45320602;4.995312365;34.63928795;-60.91041028;
0.150732807;10717.4077;-54.83992741;270.0670551;34.62937444;4.995278905;0.461627529;0.461766229;4.995274263;34.62923634;-54.83992628;
0.150787441;10800;-51.16917832;273.7230644;34.62324391;4.995300915;0.468589381;0.468728086;4.995296275;34.6231058;-51.16917723;
0.150828286;10860;-48.45816241;276.4224809;34.6187274;4.99533909;0.474587646;0.474726354;4.995334451;34.61858929;-48.45816134;
0.150913332;10981.0262;-42.873784;281.9814074;34.60954827;4.995475427;0.489206826;0.489345539;4.99547079;34.60941015;-42.87378301;
0.151006974;11109.71583;-36.76272279;288.0628525;34.59986696;4.995709388;0.508622356;0.50876107;4.995704753;34.59972884;-36.7627219;
0.151101513;11236.67445;-30.55726893;294.2371519;34.5906401;4.996028368;0.531868771;0.532007486;4.996023735;34.59050198;-30.55726814;
0.151194709;11360.87888;-24.31740583;300.44535;34.58217727;4.996417952;0.558674921;0.558813632;4.996413321;34.58203916;-24.31740516;
0.151284963;11482.38558;-18.05464377;306.6766426;34.5746735;4.99686043;0.588853999;0.588992705;4.996855801;34.57453539;-18.05464323;
0.151370696;11601.39695;-11.77451664;312.9260405;34.56826804;4.997334611;0.62219934;0.622338038;4.997329983;34.56812994;-11.77451622;
0.151450299;11718.14565;-5.481788435;319.1891679;34.56304248;4.997816616;0.658468217;0.658606906;4.997811989;34.56290439;-5.481788125;
0.151522173;11832.87738;0.818940425;325.4616502;34.55901413;4.998281076;0.697378893;0.697517573;4.99827645;34.55887605;0.818940636;
0.151584787;11945.84861;7.123337931;331.7392214;34.556132;4.998702573;0.738611077;0.738749748;4.998697947;34.55599392;7.123338062;
0.151636742;12057.32574;13.42747933;338.0178763;34.5542771;4.999057176;0.781807895;0.781946557;4.999052551;34.55413904;13.4274794;
0.151676828;12167.57816;19.72760925;344.2936557;34.55326748;4.999323983;0.826576897;0.826715553;4.999319358;34.55312943;19.7276093;
0.151704095;12276.88258;26.02048885;350.5630209;34.55286781;4.999486562;0.872496843;0.872635495;4.999481937;34.55272976;26.02048889;
0.151717893;12385.51709;32.30313513;356.8226268;34.55280348;4.999534134;0.919122012;0.919260662;4.99952951;34.55266543;32.30313519;
0.15171792;12493.76109;38.57285703;3.06939093;34.55277814;4.999462394;0.96599007;0.966128722;4.99945777;34.55264008;38.57285713;
0.151704231;12601.89776;44.82742218;9.300693053;34.55249341;4.999273863;1.012632331;1.012770987;4.999269239;34.55235535;44.82742236;
0.151677249;12710.20425;51.0644983;15.51384783;34.55166901;4.998977735;1.058579686;1.058718352;4.998973111;34.55153094;51.06449856;
0.151637737;12818.95592;57.28190191;21.7063789;34.55006153;4.998589206;1.103375425;1.103514103;4.998584583;34.54992345;57.28190228;
0.15158676;12928.42198;63.47736719;27.87581;34.54748012;4.998128358;1.146584733;1.146723426;4.998123735;34.54734202;63.47736768;
0.151525629;13038.86601;69.64860472;34.01974044;34.54379753;4.997618686;1.187805677;1.187944387;4.997614064;34.54365942;69.64860533;
0.151455828;13150.54372;75.79322727;40.13578366;34.53895584;4.997085443;1.22667753;1.226816259;4.997080822;34.53881771;75.793228;
0.151378939;13263.70072;81.90870618;46.2215318;34.5329665;4.996553958;1.262886762;1.263025511;4.996549338;34.53282835;81.90870703;
0.151296568;13378.57055;87.992372;52.27455977;34.52590526;4.996048081;1.29617026;1.296309029;4.996043463;34.52576709;87.99237294;
0.151210272;13495.38113;94.04187999;58.29288645;34.51790222;4.995588846;1.326317717;1.326456507;4.995584229;34.51776403;94.04188102;
0.151121518;13614.34357;100.0547572;64.27451607;34.5091301;4.995193554;1.353166357;1.353305165;4.995188939;34.50899189;100.0547583;
0.15103164;13735.65786;106.028857;70.21787644;34.49979012;4.994875163;1.376599043;1.376737869;4.994870551;34.4996519;106.0288582;
0.150941823;13859.51012;111.9623736;76.12181207;34.4900983;4.994642076;1.396539447;1.396678288;4.994637466;34.48996006;111.9623747;
0.1508531;13986.07415;117.8540613;81.98577702;34.48027259;4.994498235;1.412948478;1.413087331;4.994493627;34.48013434;117.8540624;
0.15076636;14115.51005;123.7033019;87.80987135;34.47052218;4.994443473;1.425821038;1.425959901;4.994438867;34.47038391;123.703303;
0.150682367;14247.95133;129.5096643;93.59437058;34.4610398;4.99447403;1.43518331;1.435322181;4.994469426;34.46090153;129.5096654;
0.150601766;14383.5194;135.2736935;99.34047959;34.45199445;4.994583142;1.441093628;1.441232504;4.99457854;34.45185617;135.2736945;
0.150525109;14522.30627;140.9962666;105.0496622;34.44352843;4.99476168;1.443640903;1.443779781;4.99475708;34.44339015;140.9962675;
0.150452862;14664.37565;146.6787847;110.7238062;34.43575493;4.994998757;1.442944869;1.443083748;4.994994158;34.43561665;146.6787856;
0.150385416;14809.76298;152.3232755;116.3653068;34.42875719;4.995282306;1.439155158;1.439294035;4.995277709;34.42861892;152.3232763;
0.150323095;14958.46331;157.9320193;121.9766787;34.42258942;4.995599575;1.432449826;1.4325887;4.99559498;34.42245115;157.9320199;
0.150266156;15110.43799;163.5078953;127.5608946;34.41727749;4.995937591;1.423032621;1.42317149;4.995932997;34.41713922;163.5078958;
0.150214803;15265.60326;169.0540126;133.1210136;34.41282112;4.99628352;1.411130004;1.411268868;4.996278927;34.41268286;169.054013;
0.150169179;15423.83455;174.5739095;138.6603841;34.40919568;4.996624998;1.396986919;1.397125776;4.996620406;34.40905743;174.5739098;
0.150129381;15584.96438;-179.9285243;144.1825725;34.40635459;4.996950398;1.380862523;1.381001373;4.996945806;34.40621634;-179.9285241;
0.150095459;15748.78093;-174.449131;149.6912913;34.40423167;4.997249037;1.363026092;1.363164935;4.997244446;34.40409343;-174.4491309;
0.150067426;15915.03315;-168.9833831;155.1905133;34.4027435;4.997511364;1.343752634;1.343891471;4.997506773;34.40260527;-168.983383;
0.150045269;16083.42643;-163.5266385;160.6842309;34.4017918;4.997729087;1.32332019;1.323459021;4.997724496;34.40165357;-163.5266385;
0.150028949;16253.63245;-158.0739627;166.1766511;34.40126561;4.997895304;1.302006313;1.302145141;4.997890714;34.40112738;-158.0739626;
0.150018418;16425.29064;-152.6202709;171.6720695;34.40104352;4.998004598;1.280086349;1.280225173;4.998000008;34.40090529;-152.6202708;
0.150013624;16598.01358;-147.1603743;177.1748412;34.4009958;4.998053125;1.257832094;1.257970916;4.998048535;34.40085758;-147.1603743;
0.150014517;16771.39014;-141.6891307;182.689248;34.40098656;4.998038699;1.235511532;1.235650354;4.998034109;34.40084834;-141.6891306;
0.15002106;16944.99847;-136.2013107;188.2196506;34.40087602;4.997960874;1.213387936;1.213526761;4.997956284;34.4007378;-136.2013105;
0.150033233;17118.40937;-130.69179;193.7703145;34.40052291;4.99782102;1.191720769;1.191859597;4.99781643;34.40038468;-130.6917897;
0.150051035;17291.18908;-125.1557758;199.3452007;34.3997873;4.997622408;1.170766993;1.170905827;4.997617819;34.39964906;-125.1557755;
0.150074494;17462.91785;-119.5885373;204.9482567;34.39853369;4.997370259;1.150780688;1.150919529;4.99736567;34.39839544;-119.5885369;
0.15010366;17633.18479;-113.9858959;210.5829426;34.3966348;4.997071799;1.132015666;1.132154517;4.997067211;34.39649654;-113.9858953;
0.150138608;17801.60289;-108.3440563;216.2524197;34.39397578;4.996736252;1.11472554;1.114864403;4.996731664;34.39383752;-108.3440556;
0.150179429;17967.81388;-102.6597474;221.9594274;34.39045908;4.996374771;1.099164802;1.099303678;4.996370184;34.3903208;-102.6597466;
0.15022622;18131.49628;-96.93021896;227.7063023;34.38600964;4.99600029;1.085589103;1.085727993;4.995995704;34.38587135;-96.9302181;
0.15027907;18292.36616;-91.1534554;233.4947772;34.3805806;4.995627268;1.074255456;1.074394361;4.995622683;34.3804423;-91.15345444;
0.150338033;18450.18514;-85.32808452;239.3260834;34.37415865;4.995271287;1.065420682;1.065559602;4.995266704;34.37402033;-85.32808347;
0.150403107;18604.76067;-79.45350217;245.2008308;34.36676907;4.994948515;1.059339066;1.059478002;4.994943933;34.36663073;-79.45350106;
0.150474199;18755.95041;-73.52978381;251.1190982;34.35847941;4.994675003;1.056257993;1.056396944;4.994670423;34.35834106;-73.52978266;
0.150551089;18903.66275;-67.5576628;257.0804502;34.34940146;4.99446586;1.056411967;1.056550932;4.994461282;34.3492631;-67.55766164;
0.150633396;19047.8523;-61.53864852;263.0838087;34.33969098;4.994334329;1.060014659;1.060153635;4.994329753;34.3395526;-61.53864736;
0.150720547;19188.52263;-55.47479436;269.1276695;34.32954393;4.994290806;1.067249374;1.067388361;4.994286233;34.32940554;-55.47479323;
0.150811756;19325.71964;-49.36878789;275.2099911;34.31918988;4.994341917;1.078258636;1.078397631;4.994337346;34.31905148;-49.36878682;
0.150906009;19459.52823;-43.22387436;281.3282449;34.30888165;4.99448971;1.093133874;1.093272873;4.994485141;34.30874325;-43.22387336;
0.151002073;19590.06789;-37.04379833;287.4794433;34.29888205;4.994731082;1.111906529;1.112045532;4.994726515;34.29874365;-37.04379743;
0.151098516;19717.49279;-30.83249776;293.6604097;34.28944786;4.995057544;1.13454277;1.134681771;4.99505298;34.28930946;-30.83249696;
0.151193746;19841.98203;-24.59426226;299.8675853;34.28081363;4.995455352;1.160940447;1.161079445;4.995450789;34.28067523;-24.59426159;
0.151286054;19963.73311;-18.33376955;306.0969569;34.27317552;4.995906038;1.190929631;1.191068623;4.995901477;34.27303713;-18.333769;
0.151373682;20082.96516;-12.05563264;312.3444741;34.26667655;4.996387383;1.224278901;1.224417886;4.996382823;34.26653816;-12.05563221;
0.151454879;20199.9123;-5.764458778;318.6059632;34.26139593;4.996874673;1.260702031;1.260841007;4.996870114;34.26125756;-5.764458465;
0.151527967;20314.81876;0.535138114;324.8770965;34.25734279;4.997342178;1.299865573;1.30000454;4.997337621;34.25720442;0.535138329;
0.151591402;20427.94193;6.838922122;331.1537667;34.25445453;4.997764756;1.341398828;1.341537785;4.997760199;34.25431618;6.838922256;
0.151643823;20539.54577;13.14286417;337.4319214;34.25260073;4.998119355;1.384899793;1.385038741;4.998114799;34.25246238;13.14286425;
0.15168411;20649.90019;19.44324975;343.7076853;34.25159117;4.9983864;1.429941928;1.43008087;4.998381844;34.25145283;19.44324979;
0.151711415;20759.27954;25.73670785;349.977414;34.25118769;4.998550909;1.476080251;1.476219188;4.998546353;34.25104935;25.73670789;
0.151725205;20867.96438;32.02038722;356.237902;34.25111863;4.998603319;1.522859032;1.522997968;4.998598763;34.25098029;32.02038728;
0.151725273;20976.23373;38.29155757;2.486019973;34.25109491;4.998539964;1.569816182;1.56995512;4.998535408;34.25095657;38.29155768;
0.151711751;21084.36809;44.54780627;8.718947877;34.25082677;4.998363241;1.616492987;1.616631929;4.998358685;34.25068843;44.54780645;
0.1516851;21192.64691;50.78690252;14.93407389;34.25004033;4.998081419;1.662441909;1.66258086;4.998076864;34.24990198;50.78690279;
0.151646083;21301.34489;57.00658919;21.12881895;34.24849319;4.997708146;1.707233567;1.707372529;4.997703591;34.24835482;57.00658956;
0.151595735;21410.7331;63.20466386;27.3007447;34.24598808;4.997261632;1.750464776;1.750603752;4.997257078;34.24584971;63.20466435;
0.151535303;21521.07459;69.37875701;33.44735436;34.24238403;4.996763585;1.791762785;1.791901778;4.996759031;34.24224563;69.37875762;
0.151487132;21600;73.73898426;37.78728663;34.23911912;4.996392394;1.819677293;1.8198163;4.996387841;34.23898072;73.73898495;
0.151448229;21660;77.01916621;41.05173315;34.23625901;4.996108511;1.839915019;1.840054036;4.996103958;34.23612059;77.01916696;
0.151380038;21759.78097;82.40298938;46.40893286;34.23081509;4.995644602;1.87158202;1.871721054;4.995640051;34.23067666;82.40299023;
0.151298714;21873.141;88.40414348;52.37944264;34.22368853;4.995147737;1.904410203;1.904549258;4.995143187;34.22355008;88.40414444;
0.151212522;21989.81454;94.44469703;58.38847682;34.21548502;4.994689703;1.934593257;1.934732331;4.994685155;34.21534654;94.44469807;
0.151123765;22108.79126;100.4563308;64.36855677;34.20644337;4.994294558;1.9615706;1.961709694;4.994290012;34.20630488;100.4563319;
0.151033889;22230.14065;106.4299978;70.31127288;34.1967794;4.993977057;1.985172018;1.985311129;4.993972513;34.19664089;106.4299989;
0.150944124;22354.03371;112.3631118;76.21470906;34.1867239;4.993746797;2.0053025;2.005441626;4.993742255;34.18658537;112.363113;
0.150855539;22480.64185;118.254317;82.07821032;34.17651439;4.993608546;2.021911649;2.022050788;4.993604007;34.17637585;118.2543182;
0.150769047;22610.12187;124.1028614;87.90173105;34.16638281;4.993562488;2.034988649;2.035127798;4.99355795;34.16624426;124.1028625;
0.150685414;22742.61102;129.9085072;93.68571673;34.15654438;4.993604673;2.044559671;2.044698828;4.993600138;34.15640582;129.9085083;
0.150605266;22878.22848;135.6717264;99.43127179;34.14718859;4.993727658;2.05068551;2.050824672;4.993723126;34.14705003;135.6717274;
0.15052911;23017.06544;141.3933978;105.1398337;34.13847367;4.99392123;2.053458276;2.05359744;4.993916699;34.13833511;141.3933987;
0.150457348;23159.18877;147.075085;110.8134293;34.13052268;4.994173174;2.052998866;2.053138029;4.994168645;34.13038412;147.0750859;
0.150390303;23304.62981;152.7186898;116.4543121;34.12342285;4.994469999;2.049454116;2.049593278;4.994465472;34.12328428;152.7186905;
0.15032823;23453.3831;158.3265194;122.0650165;34.11722601;4.994797603;2.042994584;2.043133742;4.994793077;34.11708746;158.32652;
0.150271333;23605.40671;163.9013811;127.6484443;34.11195052;4.995141853;2.033812108;2.033951261;4.995137328;34.11181197;163.9013816;
0.150219777;23760.62221;169.4466271;133.2079066;34.10758414;4.995489077;2.022117257;2.022256404;4.995484553;34.1074456;169.4466275;
0.150173698;23918.90194;174.9657283;138.7466965;34.10408789;4.995826405;2.008138018;2.008277159;4.995821882;34.10394935;174.9657286;
0.15013321;24080.07606;-179.537462;144.2683582;34.10139941;4.996142086;1.992117366;1.992256499;4.996137563;34.10126088;-179.5374618;
0.150098411;24243.93345;-174.0587177;149.7766841;34.09943669;4.996425685;1.974311087;1.974450214;4.996421163;34.09929816;-174.0587176;
0.150069382;24410.22107;-168.5935377;155.2756282;34.0981016;4.996668227;1.954985979;1.955125101;4.996663706;34.09796308;-168.5935376;
0.150046192;24578.64619;-163.1371821;160.7692823;34.09728317;4.996862288;1.934418003;1.93455712;4.996857767;34.09714466;-163.1371821;
0.150028901;24748.87873;-157.6847442;166.2618183;34.09686052;4.997002048;1.912890647;1.91302976;4.996997527;34.09672201;-157.6847441;
0.150017556;24920.55659;-152.2311635;171.7574916;34.0967055;4.997083326;1.890693142;1.890832252;4.997078805;34.09656699;-152.2311635;
0.150012194;25093.29275;-146.7712201;177.2606653;34.09668512;4.9971036;1.8681186;1.868257709;4.997099079;34.09654661;-146.77122;
0.150012841;25266.67587;-141.2997671;182.7755942;34.09666382;4.997062019;1.84546313;1.84560224;4.997057498;34.09652531;-141.299767;
0.150019512;25440.28401;-135.8115747;188.3066031;34.09650563;4.996959413;1.823023258;1.823162371;4.996954893;34.09636712;-135.8115745;
0.15003221;25613.68769;-130.3015315;193.8579047;34.09607641;4.996798308;1.80109464;1.801233757;4.996793788;34.09593789;-130.3015312;
0.150050924;25786.45378;-124.7648367;199.4334287;34.09524617;4.996582938;1.779970429;1.780109553;4.996578417;34.09510765;-124.7648364;
0.150075631;25958.16206;-119.1967951;205.0370518;34.09389168;4.99631924;1.759937766;1.760076898;4.99631472;34.09375315;-119.1967947;
0.150106296;26128.40078;-113.5932843;210.6721506;34.09189941;4.996014859;1.741276519;1.741415661;4.996010339;34.09176087;-113.5932838;
0.15014287;26296.78636;-107.9504323;216.3419504;34.08916875;4.995679086;1.724254918;1.724394071;4.995674568;34.08903019;-107.9504316;
0.150185291;26462.9588;-102.2650655;222.0490965;34.08561577;4.995322794;1.709127883;1.709267049;4.995318276;34.08547721;-102.2650647;
0.150233491;26626.5999;-96.53436957;227.7960159;34.08117705;4.994958264;1.696133238;1.696272417;4.994953747;34.08103848;-96.53436869;
0.150287389;26787.42369;-90.75644983;233.5843702;34.07581417;4.994598997;1.685491088;1.685630282;4.994594481;34.07567558;-90.75644886;
0.150346891;26945.19344;-84.92993075;239.4154679;34.06951765;4.994259364;1.677401859;1.677541068;4.99425485;34.06937904;-84.9299297;
0.150411891;27099.71804;-79.05421089;245.2900118;34.06231113;4.993954189;1.672047354;1.672186578;4.993949676;34.06217251;-79.05420978;
0.150482255;27250.85701;-73.12934693;251.2082091;34.05425453;4.993698195;1.669592535;1.669731773;4.993693684;34.05411589;-73.12934578;
0.150557802;27398.51699;-67.15619236;257.1696183;34.04544649;4.993505343;1.670188707;1.670327958;4.993500835;34.04530784;-67.15619119;
0.150638284;27542.65502;-61.13620868;263.1733137;34.03602481;4.993388053;1.673976897;1.674116159;4.993383546;34.03588615;-61.13620752;
0.150723339;27683.27379;-55.07152988;269.2177907;34.02616499;4.993356357;1.681090556;1.681229828;4.993351853;34.02602632;-55.07152876;
0.150812454;27820.41895;-48.96489719;275.3009959;34.01607599;4.993417023;1.691655888;1.691795167;4.99341252;34.01593731;-48.96489613;
0.150904918;27954.17727;-42.81950715;281.4204416;34.00599273;4.993572718;1.705788726;1.705928009;4.993568218;34.00585405;-42.81950617;
0.150999777;28084.67111;-36.63899038;287.5731931;33.99616565;4.993821312;1.723586623;1.723725909;4.993816814;33.99602697;-36.63898949;
0.151095809;28212.05156;-30.42744307;293.7558076;33.98684724;4.994155394;1.745115869;1.745255153;4.994150898;33.98670855;-30.42744229;
0.151191518;28336.4965;-24.18922935;299.9645085;33.9782759;4.994562142;1.770395559;1.770534839;4.994557647;33.97813722;-24.18922869;
0.15128516;28458.20704;-17.92884859;306.1953021;33.97065876;4.995023601;1.799380612;1.799519886;4.995019108;33.97052008;-17.92884806;
0.151374808;28577.40126;-11.65096115;312.4439417;33.96415504;4.995517428;1.831946142;1.832085408;4.995512937;33.96401638;-11.65096074;
0.151458436;28694.31291;-5.360184074;318.7061258;33.95886146;4.996018101;1.867878241;1.868017498;4.996013611;33.9587228;-5.360183769;
0.151534038;28809.18942;0.939058728;324.9776437;33.95480181;4.99649851;1.906872706;1.907011952;4.996494021;33.95466316;0.939058936;
0.151599737;28922.28555;7.242406138;331.2542444;33.95192245;4.996931781;1.948540884;1.948680121;4.996927293;33.95178382;7.242406266;
0.151653906;29033.86506;13.54583466;337.5319093;33.95009393;4.997293193;1.992425907;1.992565135;4.997288705;33.94995531;13.54583473;
0.151695248;29144.19769;19.84563706;343.8068344;33.94911931;4.997561938;2.038022608;2.038161829;4.997557451;33.94898069;19.8456371;
0.151722858;29253.56152;26.13866988;350.0756843;33.94874815;4.997722571;2.084801329;2.084940546;4.997718084;33.94860953;26.13866991;
0.151736247;29362.23532;32.42199336;356.3352491;33.94869458;4.997765974;2.132225919;2.132365135;4.997761487;33.94855597;32.42199342;
0.151735337;29470.49856;38.69291042;2.582504516;33.94865742;4.997689817;2.179770858;2.179910075;4.997685329;33.9485188;38.69291054;
0.151720431;29578.62997;44.94890885;8.81458379;33.94834034;4.997498485;2.226933199;2.227072422;4.997493998;33.94820172;44.94890903;
0.151692175;29686.91128;51.18788615;15.02903478;33.9474705;4.997202515;2.273242408;2.273381639;4.997198028;33.94733187;51.18788642;
0.151651506;29795.61629;57.40752525;21.2232326;33.94581406;4.99681769;2.318260679;2.318399923;4.996813203;33.94567542;57.40752563;
0.151599593;29905.01671;63.60564761;27.39476385;33.94318807;4.996363842;2.361588782;2.36172804;4.996359356;33.94304942;63.60564811;
0.151537782;30015.37436;69.77979974;33.54104244;33.93946832;4.99586356;2.402865389;2.403004664;4.995859075;33.93932964;69.77980036;
0.151467543;30126.94562;75.92755986;39.65963532;33.93459299;4.995340795;2.441770985;2.44191028;4.995336311;33.9344543;75.9275606;
0.151390407;30239.97733;82.04638587;45.74812308;33.92856278;4.994819552;2.478027825;2.478167139;4.994815069;33.92842406;82.04638672;
0.151307916;30354.70535;88.13364305;51.80413067;33.92143753;4.994322665;2.511400281;2.511539615;4.994318184;33.9212988;88.133644;
0.151221575;30471.356;94.18680432;57.82552112;33.91332988;4.99387072;2.541695008;2.541834361;4.993866241;33.91319113;94.18680536;
0.151132812;30590.14272;100.2034162;63.81034809;33.90439678;4.993481188;2.56875874;2.568898112;4.993476711;33.90425801;100.2034173;
0.151042944;30711.26696;106.1812976;69.7570332;33.89482903;4.993167769;2.592476725;2.592616114;4.993163294;33.89469024;106.1812988;
0.150953163;30834.91363;112.1184726;75.66427295;33.88484011;4.992939996;2.612769878;2.612909282;4.992935523;33.88470131;112.1184737;
0.150864513;30961.26065;118.013782;81.53161816;33.8746536;4.992803053;2.629594543;2.62973396;4.992798582;33.87451479;118.0137831;
0.150777897;31090.46604;123.8663988;87.35895995;33.86449277;4.992757887;2.642938816;2.643078243;4.992753419;33.86435394;123.8663999;
0.150694084;31222.6697;129.676065;93.14673476;33.85456998;4.992801487;2.652822307;2.652961741;4.992797021;33.85443114;129.6760661;
0.150613712;31357.99064;135.4431037;98.89590672;33.84507806;4.992927336;2.659295404;2.659434843;4.992922872;33.84493922;135.4431047;
0.150537304;31496.52432;141.1684275;104.6079511;33.83618347;4.993125991;2.662438594;2.662578035;4.993121528;33.83604463;141.1684285;
0.150465284;31638.33804;146.8534681;110.2847618;33.82802154;4.993385725;2.662361519;2.662500961;4.993381265;33.8278827;146.853469;
0.150397986;31783.46692;152.500126;115.928585;33.8206937;4.993693199;2.659201724;2.659341163;4.99368874;33.82055486;152.5001267;
0.150335672;31931.91219;158.1108059;121.5420435;33.81426633;4.994034113;2.653122777;2.653262212;4.994029656;33.81412749;158.1108066;
0.150278542;32083.63446;163.6882447;127.1279572;33.80877141;4.994393809;2.644312031;2.64445146;4.994389353;33.80863258;163.6882452;
0.150226746;32238.5557;169.2356491;132.6894802;33.80420808;4.994757821;2.632977648;2.633117072;4.994753366;33.80406926;169.2356495;
0.150180396;32396.55738;174.756656;138.2300629;33.80054535;4.995112336;2.61934541;2.619484826;4.995107882;33.80040654;174.7566563;
0.150179456;32400;174.8755409;138.3494284;33.80047585;4.995119785;2.61902765;2.619167066;4.99511533;33.80033704;174.8755412;
0.15016355;32460;176.9384874;140.4210981;33.79933088;4.995247352;2.613359076;2.613498489;4.995242898;33.79919207;176.9384877;
0.150131933;32590.62729;-178.6260666;144.8776928;33.79724704;4.995508502;2.600226924;2.600366332;4.995504048;33.79710824;-178.6260664;
0.150098546;32751.07405;-173.2715616;150.2617955;33.79536818;4.995792763;2.582813307;2.582952709;4.99578831;33.79522938;-173.2715615;
0.150070041;32917.16218;-167.8207276;155.7468222;33.7940823;4.996038105;2.563574384;2.563713779;4.996033652;33.79394351;-167.8207275;
0.150047153;33085.71297;-162.3665557;161.2386559;33.79331586;4.996230836;2.543072005;2.543211395;4.996226384;33.79317708;-162.3665557;
0.150029987;33256.07972;-156.9145523;166.7309977;33.79294213;4.996364317;2.52161619;2.521755576;4.996359865;33.79280334;-156.9145522;
0.150018593;33427.86364;-151.4607576;172.2270023;33.7928229;4.996434291;2.499490771;2.499630155;4.996429839;33.79268412;-151.4607576;
0.150013023;33600.67152;-146.000075;177.7309208;33.7928147;4.996438465;2.476979502;2.477118886;4.996434013;33.79267591;-146.0000749;
0.150013336;33774.09211;-140.5273057;183.2470756;33.7927719;4.996376487;2.454369211;2.454508596;4.996372035;33.79263312;-140.5273056;
0.150019597;33947.70146;-135.0372616;188.7797656;33.79254981;4.996249945;2.431949762;2.432089151;4.996245493;33.79241102;-135.0372614;
0.150031874;34121.06677;-129.524944;194.3331055;33.79200755;4.996062361;2.410014217;2.410153611;4.996057909;33.79186876;-129.5249437;
0.150050236;34293.75956;-123.9854423;199.9111472;33.79101123;4.995819165;2.38885757;2.388996971;4.995814714;33.79087243;-123.985442;
0.150074746;34465.35665;-118.4142254;205.5176086;33.78943724;4.995527654;2.368776527;2.368915938;4.995523203;33.78929843;-118.4142249;
0.150105451;34635.45228;-112.8070763;211.155961;33.78717571;4.995196907;2.350067153;2.350206574;4.995192456;33.78703689;-112.8070757;
0.150142375;34803.6609;-107.1603163;216.8292262;33.78413436;4.994837664;2.333022657;2.333162091;4.994833214;33.78399553;-107.1603157;
0.150185509;34969.62787;-101.4707521;222.5400535;33.78024224;4.994462136;2.31792921;2.318068657;4.994457687;33.78010339;-101.4707513;
0.150234796;35133.03592;-95.73572077;228.2906948;33.77545351;4.994083737;2.305061213;2.305200675;4.994079289;33.77531465;-95.73571987;
0.150290125;35293.60581;-89.95329794;234.0828161;33.76975115;4.99371675;2.294676056;2.294815532;4.993712304;33.76961227;-89.95329696;
0.150351316;35451.1031;-84.12224652;239.917564;33.76314991;4.993375889;2.287007662;2.287147153;4.993371444;33.76301102;-84.12224546;
0.150418121;35605.34143;-78.24202384;245.7955692;33.75569852;4.99307577;2.282260372;2.282399878;4.993071327;33.75555962;-78.24202272;
0.150490211;35756.18463;-72.31276129;251.7169679;33.74748072;4.992830325;2.280603704;2.280743225;4.992825884;33.7473418;-72.31276013;
0.15056718;35903.54303;-66.33540838;257.6812513;33.73861507;4.992652153;2.282168851;2.282308384;4.992647713;33.73847613;-66.33540721;
0.150648543;36047.37788;-60.31148949;263.6874902;33.72925262;4.992551833;2.287047668;2.287187212;4.992547395;33.72911368;-60.31148833;
0.150733739;36187.69617;-54.24317904;269.7342299;33.71957326;4.992537261;2.295295051;2.295434604;4.992532825;33.71943431;-54.24317792;
0.150822125;36324.54896;-48.13318281;275.8195685;33.70977986;4.992613022;2.306934598;2.307074157;4.992608589;33.7096409;-48.13318176;
0.150912968;36458.02522;-41.98477341;281.9410732;33.70009085;4.992779847;2.321966562;2.322106124;4.992775416;33.69995189;-41.98477243;
0.151005428;36588.24858;-35.80167654;288.0958403;33.69073087;4.993034194;2.340376811;2.340516374;4.993029765;33.69059191;-35.80167566;
0.151098532;36715.37384;-29.58794218;294.280572;33.68191988;4.993368008;2.362144372;2.362283933;4.993363581;33.68178092;-29.58794141;
0.151191144;36839.58134;-23.34791184;300.4915633;33.67386125;4.993768699;2.38724434;2.387383898;4.993764273;33.6737223;-23.34791119;
0.151281935;36961.0723;-17.08615352;306.7247347;33.66672919;4.994219375;2.415644048;2.415783599;4.994214951;33.66659025;-17.086153;
0.151369377;37080.06676;-10.80727777;312.9757992;33.66065614;4.994699401;2.447292016;2.447431558;4.994694979;33.6605172;-10.80727737;
0.151451749;37196.79881;-4.515914367;319.2402881;33.65572144;4.995185266;2.482099439;2.482238972;4.995180845;33.65558251;-4.515914077;
0.151527194;37311.51577;1.783491259;325.5137714;33.65194216;4.995651777;2.51991898;2.520058503;4.995647357;33.65180324;1.783491454;
0.151593797;37424.47525;8.086737562;331.791947;33.6492675;4.996073523;2.56052419;2.560663704;4.996069103;33.64912859;8.086737682;
0.151649707;37535.93971;14.38973948;338.0705479;33.64757794;4.996426494;2.603594235;2.60373374;4.996422074;33.64743904;14.38973954;
0.151693271;37646.18168;20.68896868;344.3458126;33.64668938;4.996689784;2.648713484;2.648852983;4.996685365;33.64655049;20.68896872;
0.151723165;37755.47618;26.98112957;350.6141893;33.64636329;4.996847122;2.695379144;2.695518638;4.996842703;33.64622439;26.98112962;
0.151738505;37864.10311;33.26336704;356.8725601;33.64632152;4.996888144;2.743024466;2.743163958;4.996883725;33.64618263;33.26336711;
0.151738905;37972.34263;39.53304532;3.118032263;33.64626513;4.996809209;2.791047075;2.79118657;4.99680479;33.64612624;39.53304544;
0.1517245;38080.47524;45.78777068;9.347968844;33.64589514;4.9966137;2.838841828;2.838981328;4.996609282;33.64575624;45.78777088;
0.151695912;38188.78079;52.02534452;15.5599505;33.64493331;4.996311745;2.885830397;2.885969907;4.996307327;33.6447944;52.02534482;
0.151654177;38297.53334;58.24347459;21.75150029;33.64314098;4.99591942;2.931482064;2.931621586;4.995915002;33.64300206;58.24347499;
0.151600648;38407.00387;64.43994696;27.92027194;33.64033405;4.995457501;2.975329037;2.975468574;4.995453084;33.64019511;64.43994748;
0.151536896;38517.45487;70.6123522;34.06379751;33.63639307;4.994949941;3.016969749;3.017109303;4.994945524;33.63625412;70.61235284;
0.151464606;38629.14148;76.75820774;40.17962994;33.63126785;4.994422184;3.056068307;3.05620788;4.994417769;33.63112888;76.7582085;
0.151385493;38742.30932;82.8749209;46.2653235;33.62497652;4.993899529;3.092348717;3.09248831;4.993895115;33.62483752;82.87492177;
0.151301232;38857.19366;88.9598488;52.31850355;33.61759992;4.993405638;3.125588345;3.125727958;4.993401226;33.61746091;88.95984977;
0.151213411;38974.01815;95.01036279;58.33693166;33.60927229;4.992961325;3.155611804;3.155751437;4.992956915;33.60913326;95.01036385;
0.151123497;39092.99662;101.0240843;64.31873113;33.60016921;4.992583656;3.182286927;3.182426578;4.992579247;33.60003016;101.0240854;
0.151032812;39214.32728;106.9987384;70.26222334;33.59049499;4.992285417;3.20552029;3.205659957;4.992281011;33.59035593;106.9987395;
0.150942526;39338.1996;112.9326527;76.16639855;33.58046915;4.992074878;3.225256499;3.225396181;4.992070475;33.58033007;112.9326539;
0.150853654;39464.78569;118.8244808;82.03061084;33.57031484;4.991955877;3.241474672;3.241614366;4.991951475;33.57017575;118.824482;
0.150767059;39594.24323;124.6734932;87.85483636;33.56024799;4.991928093;3.254187293;3.254326997;4.991923694;33.56010889;124.6734943;
0.150683465;39726.70982;130.4794537;93.63951874;33.55046892;4.991987509;3.263437631;3.263577341;4.991983111;33.55032981;130.4794548;
0.150603468;39862.30137;136.2426914;99.38561137;33.54115556;4.992126948;3.26929779;3.269437504;4.992122553;33.54101645;136.2426924;
0.150527547;40001.11406;141.9643;105.0947516;33.5324584;4.992336692;3.271866598;3.272006314;4.992332299;33.53231928;141.9643009;
0.150456091;40143.21049;147.6456757;110.7687784;33.52449812;4.99260508;3.271267197;3.271406912;4.992600689;33.52435901;147.6456766;
0.150389403;40288.62207;153.2887435;116.4099416;33.5173637;4.99291911;3.267645625;3.267785337;4.99291472;33.51722459;153.2887443;
0.150327723;40437.3472;158.8959767;122.0209107;33.51111212;4.993265002;3.261168992;3.2613087;4.993260613;33.51097302;158.8959773;
0.150271235;40589.34614;164.4702765;127.6046483;33.50576926;4.993628703;3.252023824;3.252163526;4.993624316;33.50563016;164.470277;
0.150220082;40744.53572;170.0148373;133.164273;33.5013316;4.993996333;3.240414683;3.240554378;4.993991946;33.50119251;170.0148377;
0.150174374;40902.79005;175.533214;138.7031294;33.49776826;4.994354572;3.226562395;3.226702084;4.994350187;33.49762918;175.5332143;
0.150134193;41063.94199;-178.97063;144.2248421;33.49502358;4.994690999;3.210701955;3.210841636;4.994686614;33.4948845;-178.9706298;
0.150099602;41227.78083;-173.4924425;149.7332054;33.49302005;4.994994348;3.193080758;3.193220432;4.994989964;33.49288098;-173.4924424;
0.150070654;41394.0497;-168.0278356;155.2320407;33.49166131;4.995254718;3.173957128;3.174096795;4.995250334;33.49152224;-168.0278355;
0.150047385;41562.4591;-162.571951;160.7255472;33.49083506;4.995463758;3.15359716;3.153736822;4.995459375;33.490696;-162.5719509;
0.15002983;41732.67976;-157.1198474;166.2179278;33.49041615;4.995614782;3.132274122;3.132413779;4.995610398;33.49027709;-157.1198474;
0.150018022;41904.3478;-151.6665161;171.7133901;33.49026939;4.995702866;3.110266903;3.110406559;4.995698483;33.49013034;-151.666516;
0.150011993;42077.07477;-146.2067788;177.216266;33.49025245;4.995724941;3.087858075;3.087997729;4.995720558;33.4901134;-146.2067787;
0.150011779;42250.45453;-140.7353253;182.730993;33.49021867;4.995679847;3.065332633;3.065472288;4.995675463;33.49007962;-140.7353252;
0.150017418;42424.06341;-135.2469834;188.2618611;33.49001995;4.995568385;3.042977881;3.043117539;4.995564002;33.4898809;-135.2469833;
0.150028959;42597.46958;-129.7367238;193.8130275;33.48950985;4.995393367;3.021082251;3.021221914;4.995388984;33.48937079;-129.7367235;
0.150046451;42770.24212;-124.1996853;199.3885111;33.48854687;4.995159636;2.999934145;3.000073815;4.995155253;33.4884078;-124.1996849;
0.150069951;42941.95983;-118.6312172;204.9921711;33.48699816;4.99487407;2.979820775;2.979960454;4.994869688;33.48685909;-118.6312168;
0.150099513;43112.21216;-113.0271727;210.6274324;33.4847436;4.994545555;2.961027693;2.961167383;4.994541174;33.48460452;-113.0271721;
0.150117292;43200;-110.0989115;213.5701363;33.48325794;4.994361342;2.951874318;2.952014015;4.994356961;33.48311885;-110.0989108;
